Name,Ratings,Reviews
Lenovo LOQ AMD Ryzen 5 Quad Core 7235HS,4.41097,82
HP OMEN Intel Core i7 14th Gen 14650HX,4.1372,22
Lenovo Legion Pro 7 Intel Core Ultra 9 9th Gen,4367,27
Lenovo LOQ Essential Intel Core i5 12th Gen 12450HX,4.2983,43
HP Victus Intel Core i5 13th Gen 13420H,4.2287,20
Lenovo LOQ Essential Intel Core i5 12th Gen 12450HX,4.2220,11
Lenovo Legion Pro 5 WQXGA OLED Intel Core Ultra 9,4.3153,8
Lenovo LOQ Essential Intel Core i7 12650HX,4.425,5
Lenovo LOQ AMD Ryzen 7 Octa Core 7435HS,4.4894,76
ASUS TUF Gaming A16 (2025) with Office 2024 + M365 Basic* AMD Ryzen 9 16 Core 8940HX,4.192,9
Acer Nitro V AMD Ryzen 5 Hexa Core 6600H,4.86,0
ASUS TUF Gaming A15 (2025) AMD Ryzen 7 Octa Core 7435HS,4.912,2
Lenovo Legion Pro 5 WQXGA OLED AMD Ryzen 9 16 Core 9955HX,4.6542,91
Lenovo Legion Pro 5 WQXGA OLED Intel Core Ultra 7 255 HX,54,0
ASUS TUF Gaming F16 (i5 14th Gen) Intel Core 5 210H,54,0
ASUS TUF Gaming A17 AMD Ryzen 5 Hexa Core AMD R5,4.4520,57
Lenovo Legion 5 AMD Ryzen 7 Octa Core 260,4.467,7
Lenovo Legion 5 AMD Ryzen 7 Octa Core 260,4.41617,154
Lenovo IdeaPad Gaming 3 AMD Ryzen 7 Octa Core 6800H,3.76,1
Lenovo LOQ 2025 AMD Ryzen 7 Octa Core 250,4.4119,11
"ASUS Vivobook Pro 15 For Creator, AMD Ryzen 5 Hexa Core 5600HS",4.313,0
