Name,Brand,popularity,Ratings,Reviews,score
Lenovo Legion 5 AMD Ryzen 7 Octa Core 260,Lenovo,158.41617,4.41617,154,680.09018
Lenovo Legion Pro 5 WQXGA OLED AMD Ryzen 9 16 Core 9955HX,Lenovo,95.6542,4.6542,91,423.53220000000005
Lenovo LOQ AMD Ryzen 5 Quad Core 7235HS,Lenovo,86.41097,4.41097,82,361.69954
Lenovo LOQ AMD Ryzen 7 Octa Core 7435HS,Lenovo,80.4894,4.4894,76,341.1944
ASUS TUF Gaming A17 AMD Ryzen 5 Hexa Core AMD R5,ASUS,61.452,4.452,57,253.764
Lenovo LOQ Essential Intel Core i5 12th Gen 12450HX,Lenovo,47.2983,4.2983,43,184.82690000000002
Lenovo Legion Pro 7 Intel Core Ultra 9 9th Gen,Lenovo,4394.0,4.367,27,117.909
HP OMEN Intel Core i7 14th Gen 14650HX,HP,26.1372,4.1372,22,91.0184
HP Victus Intel Core i5 13th Gen 13420H,HP,24.2287,4.2287,20,84.574
Lenovo LOQ 2025 AMD Ryzen 7 Octa Core 250,Lenovo,15.4119,4.4119,11,48.5309
Lenovo LOQ Essential Intel Core i5 12th Gen 12450HX,Lenovo,15.222000000000001,4.222,11,46.44200000000001
ASUS TUF Gaming A16 (2025) with Office 2024 + M365 Basic* AMD Ryzen 9 16 Core 8940HX,ASUS,13.192,4.192,9,37.728
Lenovo Legion Pro 5 WQXGA OLED Intel Core Ultra 9,Lenovo,12.3153,4.3153,8,34.5224
Lenovo Legion 5 AMD Ryzen 7 Octa Core 260,Lenovo,11.466999999999999,4.467,7,31.269
Lenovo LOQ Essential Intel Core i7 12650HX,Lenovo,9.425,4.425,5,22.125
ASUS TUF Gaming A15 (2025) AMD Ryzen 7 Octa Core 7435HS,ASUS,6.912,4.912,2,9.824
Lenovo IdeaPad Gaming 3 AMD Ryzen 7 Octa Core 6800H,Lenovo,4.76,3.76,1,3.76
Acer Nitro V AMD Ryzen 5 Hexa Core 6600H,Acer,4.86,4.86,0,0.0
ASUS TUF Gaming F16 (i5 14th Gen) Intel Core 5 210H,ASUS,54.0,0.054,0,0.0
Lenovo Legion Pro 5 WQXGA OLED Intel Core Ultra 7 255 HX,Lenovo,54.0,0.054,0,0.0
"ASUS Vivobook Pro 15 For Creator, AMD Ryzen 5 Hexa Core 5600HS",ASUS,4.313,4.313,0,0.0
